timestamp,road_id,latitude,longitude,traffic_volume,average_speed,free_flow_speed,occupancy_rate,congestion_level,congestion_name,road_type
2025-09-18 07:00:00,road_0000,40.80447246752146,-73.99401551064027,1404,60.0,60,50.194384046707924,0,FREE_FLOW,arterial
2025-09-18 07:00:00,road_0001,40.80949107356936,-73.96391243158607,714,29.65308001939236,35,93.16032172852255,0,FREE_FLOW,local
2025-09-18 07:00:00,road_0002,40.72351506842384,-73.96679396976803,2500,56.794993779735464,60,94.06122449469538,0,FREE_FLOW,arterial
2025-09-18 07:00:00,road_0003,40.7911614698899,-73.9971824244575,1500,40.10364037669926,45,100.0,0,FREE_FLOW,collector
2025-09-18 07:00:00,road_0004,40.7746287921634,-73.93637254877068,916,41.59823707063762,45,60.197358076324875,0,FREE_FLOW,collector
2025-09-18 07:00:00,road_0005,40.77476408309478,-73.96823070091489,1500,36.172862254179186,45,96.48690042010548,0,FREE_FLOW,collector
2025-09-18 07:00:00,road_0006,40.796308181536965,-73.9632723129526,2251,56.228690535309845,60,85.4826449876927,0,FREE_FLOW,arterial
2025-09-18 07:00:00,road_0007,40.70105925421109,-73.79200731226265,457,41.927716037496936,45,26.562291829827245,0,FREE_FLOW,collector
2025-09-18 07:00:00,road_0008,40.74483244518929,-73.97033735860573,1500,37.32583565581452,45,100.0,0,FREE_FLOW,collector
2025-09-18 07:00:00,road_0009,40.74105839625748,-73.99941744380057,2500,52.78019480365922,60,94.3752843914614,0,FREE_FLOW,arterial
2025-09-18 07:00:00,road_0010,40.69591159380505,-73.82426598115977,1119,56.62160744480817,60,39.838308278686895,0,FREE_FLOW,arterial
2025-09-18 07:00:00,road_0011,40.65692390877457,-73.74942808238488,3037,80.0,80,68.886738599068,0,FREE_FLOW,highway
2025-09-18 07:00:00,road_0012,40.79398843427041,-73.9412929963572,1253,38.020623711583795,45,81.75407359969796,0,FREE_FLOW,collector
2025-09-18 07:00:00,road_0013,40.741050449839285,-73.98098885522496,2500,52.49670869548317,60,100.0,0,FREE_FLOW,arterial
2025-09-18 07:00:00,road_0014,40.76936020671709,-73.98141462047757,1500,35.850156466951695,45,100.0,1,LIGHT,collector
2025-09-18 07:05:00,road_0000,40.80447246752146,-73.99401551064027,1761,57.5194658746204,60,76.50279512759792,0,FREE_FLOW,arterial
2025-09-18 07:05:00,road_0001,40.80949107356936,-73.96391243158607,800,32.25079641294945,35,100.0,0,FREE_FLOW,local
2025-09-18 07:05:00,road_0002,40.72351506842384,-73.96679396976803,2500,55.91330926762143,60,100.0,0,FREE_FLOW,arterial
2025-09-18 07:05:00,road_0003,40.7911614698899,-73.9971824244575,999,45.0,45,70.82299064876037,0,FREE_FLOW,collector
2025-09-18 07:05:00,road_0004,40.7746287921634,-73.93637254877068,966,42.96949682342679,45,73.21046528979208,0,FREE_FLOW,collector
2025-09-18 07:05:00,road_0005,40.77476408309478,-73.96823070091489,1500,40.97125658536257,45,100.0,0,FREE_FLOW,collector
2025-09-18 07:05:00,road_0006,40.796308181536965,-73.9632723129526,1665,55.11605446244138,60,70.51568798690165,0,FREE_FLOW,arterial
2025-09-18 07:05:00,road_0007,40.70105925421109,-73.79200731226265,748,42.45368766903746,45,50.19938449208695,0,FREE_FLOW,collector
2025-09-18 07:05:00,road_0008,40.74483244518929,-73.97033735860573,1500,42.12498007713397,45,100.0,0,FREE_FLOW,collector
2025-09-18 07:05:00,road_0009,40.74105839625748,-73.99941744380057,2500,55.79124670161711,60,100.0,0,FREE_FLOW,arterial
2025-09-18 07:05:00,road_0010,40.69591159380505,-73.82426598115977,1890,60.0,60,83.3554019752192,0,FREE_FLOW,arterial
2025-09-18 07:05:00,road_0011,40.65692390877457,-73.74942808238488,3695,73.28650665238276,80,95.75476509428458,0,FREE_FLOW,highway
2025-09-18 07:05:00,road_0012,40.79398843427041,-73.9412929963572,1389,38.778425402718526,45,100.0,0,FREE_FLOW,collector
2025-09-18 07:05:00,road_0013,40.741050449839285,-73.98098885522496,2500,57.333469175069446,60,98.96848285972494,0,FREE_FLOW,arterial
2025-09-18 07:05:00,road_0014,40.76936020671709,-73.98141462047757,1395,37.86109423634713,45,92.87787430366869,0,FREE_FLOW,collector
2025-09-18 07:10:00,road_0000,40.80447246752146,-73.99401551064027,2148,53.33665316528283,60,90.33879848504259,0,FREE_FLOW,arterial
2025-09-18 07:10:00,road_0001,40.80949107356936,-73.96391243158607,742,29.93073760918036,35,95.4766523637179,0,FREE_FLOW,local
2025-09-18 07:10:00,road_0002,40.72351506842384,-73.96679396976803,2500,56.41146561097622,60,99.7348430591891,0,FREE_FLOW,arterial
2025-09-18 07:10:00,road_0003,40.7911614698899,-73.9971824244575,1181,43.98500982265109,45,81.63540057394464,0,FREE_FLOW,collector
2025-09-18 07:10:00,road_0004,40.7746287921634,-73.93637254877068,1500,39.69394590685449,45,99.98386759769505,0,FREE_FLOW,collector
2025-09-18 07:10:00,road_0005,40.77476408309478,-73.96823070091489,1500,38.8952179355813,45,100.0,0,FREE_FLOW,collector
2025-09-18 07:10:00,road_0006,40.796308181536965,-73.9632723129526,2054,60.0,60,87.11437547794827,0,FREE_FLOW,arterial
2025-09-18 07:10:00,road_0007,40.70105925421109,-73.79200731226265,769,45.0,45,52.71251605008344,0,FREE_FLOW,collector
2025-09-18 07:10:00,road_0008,40.74483244518929,-73.97033735860573,1387,38.67529843512116,45,86.28488728967359,0,FREE_FLOW,collector
2025-09-18 07:10:00,road_0009,40.74105839625748,-73.99941744380057,2500,55.76570233801369,60,97.89382933618944,0,FREE_FLOW,arterial
2025-09-18 07:10:00,road_0010,40.69591159380505,-73.82426598115977,1710,60.0,60,62.57837435230721,0,FREE_FLOW,arterial
2025-09-18 07:10:00,road_0011,40.65692390877457,-73.74942808238488,1867,76.61537534847012,80,42.58081176837877,0,FREE_FLOW,highway
2025-09-18 07:10:00,road_0012,40.79398843427041,-73.9412929963572,1500,39.54380851493146,45,100.0,0,FREE_FLOW,collector
2025-09-18 07:10:00,road_0013,40.741050449839285,-73.98098885522496,2500,53.33753437425058,60,95.12413887188916,0,FREE_FLOW,arterial
2025-09-18 07:10:00,road_0014,40.76936020671709,-73.98141462047757,1217,39.670059105586006,45,83.69122163230605,0,FREE_FLOW,collector
2025-09-18 07:15:00,road_0000,40.80447246752146,-73.99401551064027,1302,60.0,60,43.095370620787946,0,FREE_FLOW,arterial
2025-09-18 07:15:00,road_0001,40.80949107356936,-73.96391243158607,419,35.0,35,51.14448246036174,0,FREE_FLOW,local
2025-09-18 07:15:00,road_0002,40.72351506842384,-73.96679396976803,2500,55.710610456375974,60,100.0,0,FREE_FLOW,arterial
2025-09-18 07:15:00,road_0003,40.7911614698899,-73.9971824244575,1500,37.590773593094795,45,90.77669468858846,0,FREE_FLOW,collector
2025-09-18 07:15:00,road_0004,40.7746287921634,-73.93637254877068,1285,39.733922179014904,45,92.22404674241844,0,FREE_FLOW,collector
2025-09-18 07:15:00,road_0005,40.77476408309478,-73.96823070091489,1500,36.73862635300336,45,100.0,0,FREE_FLOW,collector
2025-09-18 07:15:00,road_0006,40.796308181536965,-73.9632723129526,2211,50.92015853197621,60,81.20706184835602,0,FREE_FLOW,arterial
2025-09-18 07:15:00,road_0007,40.70105925421109,-73.79200731226265,1380,39.81130709347827,45,82.82135033535752,0,FREE_FLOW,collector
2025-09-18 07:15:00,road_0008,40.74483244518929,-73.97033735860573,1500,36.66000266868029,45,95.01721054693323,0,FREE_FLOW,collector
2025-09-18 07:15:00,road_0009,40.74105839625748,-73.99941744380057,2455,48.00253934361588,60,100.0,0,FREE_FLOW,arterial
2025-09-18 07:15:00,road_0010,40.69591159380505,-73.82426598115977,1998,51.94756837710252,60,74.71574718314807,0,FREE_FLOW,arterial
2025-09-18 07:15:00,road_0011,40.65692390877457,-73.74942808238488,1984,79.54498454633192,80,52.36541187686701,0,FREE_FLOW,highway
2025-09-18 07:15:00,road_0012,40.79398843427041,-73.9412929963572,1488,35.73820955743516,45,100.0,1,LIGHT,collector
2025-09-18 07:15:00,road_0013,40.741050449839285,-73.98098885522496,2500,50.523961739649415,60,92.40329295611285,0,FREE_FLOW,arterial
2025-09-18 07:15:00,road_0014,40.76936020671709,-73.98141462047757,1290,45.0,45,82.22826618782588,0,FREE_FLOW,collector
2025-09-18 07:20:00,road_0000,40.80447246752146,-73.99401551064027,1266,60.0,60,55.90728846007821,0,FREE_FLOW,arterial
2025-09-18 07:20:00,road_0001,40.80949107356936,-73.96391243158607,604,30.35684199634202,35,78.49547365285527,0,FREE_FLOW,local
2025-09-18 07:20:00,road_0002,40.72351506842384,-73.96679396976803,2500,47.116221289986626,60,95.21787246683428,1,LIGHT,arterial
2025-09-18 07:20:00,road_0003,40.7911614698899,-73.9971824244575,1500,40.57015123876807,45,100.0,0,FREE_FLOW,collector
2025-09-18 07:20:00,road_0004,40.7746287921634,-73.93637254877068,1500,42.00416556695221,45,100.0,0,FREE_FLOW,collector
2025-09-18 07:20:00,road_0005,40.77476408309478,-73.96823070091489,1500,39.70461163047601,45,100.0,0,FREE_FLOW,collector
2025-09-18 07:20:00,road_0006,40.796308181536965,-73.9632723129526,1658,59.77666925241362,60,72.73278951487912,0,FREE_FLOW,arterial
2025-09-18 07:20:00,road_0007,40.70105925421109,-73.79200731226265,1220,40.31912145859917,45,75.46702053086824,0,FREE_FLOW,collector
2025-09-18 07:20:00,road_0008,40.74483244518929,-73.97033735860573,1500,40.05589996438352,45,90.77926264620467,0,FREE_FLOW,collector
2025-09-18 07:20:00,road_0009,40.74105839625748,-73.99941744380057,2500,54.06901219797694,60,97.7079324193113,0,FREE_FLOW,arterial
2025-09-18 07:20:00,road_0010,40.69591159380505,-73.82426598115977,1148,60.0,60,45.840749085868126,0,FREE_FLOW,arterial
2025-09-18 07:20:00,road_0011,40.65692390877457,-73.74942808238488,2406,77.17185704537142,80,50.93372653351293,0,FREE_FLOW,highway
2025-09-18 07:20:00,road_0012,40.79398843427041,-73.9412929963572,1500,39.666680481521425,45,98.46941884616237,0,FREE_FLOW,collector
2025-09-18 07:20:00,road_0013,40.741050449839285,-73.98098885522496,2500,49.565389035298494,60,92.5537945884493,0,FREE_FLOW,arterial
2025-09-18 07:20:00,road_0014,40.76936020671709,-73.98141462047757,1500,37.08467107662006,45,100.0,0,FREE_FLOW,collector
2025-09-18 07:25:00,road_0000,40.80447246752146,-73.99401551064027,2500,50.898040551404826,60,94.76472304807959,0,FREE_FLOW,arterial
2025-09-18 07:25:00,road_0001,40.80949107356936,-73.96391243158607,734,30.356664409744585,35,89.54236172438407,0,FREE_FLOW,local
2025-09-18 07:25:00,road_0002,40.72351506842384,-73.96679396976803,2134,59.43273821734236,60,94.53082993766397,0,FREE_FLOW,arterial
2025-09-18 07:25:00,road_0003,40.7911614698899,-73.9971824244575,1372,40.582032618480895,45,95.00206475515273,0,FREE_FLOW,collector
2025-09-18 07:25:00,road_0004,40.7746287921634,-73.93637254877068,1106,43.97244969547812,45,65.56741627850296,0,FREE_FLOW,collector
2025-09-18 07:25:00,road_0005,40.77476408309478,-73.96823070091489,1500,41.33188213412246,45,100.0,0,FREE_FLOW,collector
2025-09-18 07:25:00,road_0006,40.796308181536965,-73.9632723129526,1693,60.0,60,77.2049641706882,0,FREE_FLOW,arterial
2025-09-18 07:25:00,road_0007,40.70105925421109,-73.79200731226265,581,45.0,45,39.65164873663311,0,FREE_FLOW,collector
2025-09-18 07:25:00,road_0008,40.74483244518929,-73.97033735860573,1500,42.001581171997906,45,100.0,0,FREE_FLOW,collector
2025-09-18 07:25:00,road_0009,40.74105839625748,-73.99941744380057,2500,51.09549497691394,60,94.4515283514206,0,FREE_FLOW,arterial
2025-09-18 07:25:00,road_0010,40.69591159380505,-73.82426598115977,1729,54.914236834008754,60,69.42652337384786,0,FREE_FLOW,arterial
2025-09-18 07:25:00,road_0011,40.65692390877457,-73.74942808238488,2922,72.68239377191165,80,80.65719937276833,0,FREE_FLOW,highway
2025-09-18 07:25:00,road_0012,40.79398843427041,-73.9412929963572,1500,40.75967892195549,45,97.00436493400628,0,FREE_FLOW,collector
2025-09-18 07:25:00,road_0013,40.741050449839285,-73.98098885522496,2500,49.55190422014214,60,100.0,0,FREE_FLOW,arterial
2025-09-18 07:25:00,road_0014,40.76936020671709,-73.98141462047757,1500,38.38853807046327,45,95.07364347746278,0,FREE_FLOW,collector
2025-09-18 07:30:00,road_0000,40.80447246752146,-73.99401551064027,2500,55.54216019349594,60,100.0,0,FREE_FLOW,arterial
2025-09-18 07:30:00,road_0001,40.80949107356936,-73.96391243158607,800,29.82744369574276,35,94.7501294258494,0,FREE_FLOW,local
2025-09-18 07:30:00,road_0002,40.72351506842384,-73.96679396976803,2500,51.50959128632929,60,100.0,0,FREE_FLOW,arterial
2025-09-18 07:30:00,road_0003,40.7911614698899,-73.9971824244575,1500,37.74276303869414,45,100.0,0,FREE_FLOW,collector
2025-09-18 07:30:00,road_0004,40.7746287921634,-73.93637254877068,914,41.91028568612998,45,69.31564763890651,0,FREE_FLOW,collector
2025-09-18 07:30:00,road_0005,40.77476408309478,-73.96823070091489,1500,36.9141582254595,45,93.32430863818506,0,FREE_FLOW,collector
2025-09-18 07:30:00,road_0006,40.796308181536965,-73.9632723129526,2170,54.01149651811421,60,90.73850111727629,0,FREE_FLOW,arterial
2025-09-18 07:30:00,road_0007,40.70105925421109,-73.79200731226265,1262,38.15332396482886,45,93.30738148149027,0,FREE_FLOW,collector
2025-09-18 07:30:00,road_0008,40.74483244518929,-73.97033735860573,1500,36.54532098700878,45,96.71320129593926,0,FREE_FLOW,collector
2025-09-18 07:30:00,road_0009,40.74105839625748,-73.99941744380057,2500,49.73152617353989,60,94.587894914099,0,FREE_FLOW,arterial
2025-09-18 07:30:00,road_0010,40.69591159380505,-73.82426598115977,1171,53.99790712675881,60,45.904816936576616,0,FREE_FLOW,arterial
2025-09-18 07:30:00,road_0011,40.65692390877457,-73.74942808238488,1832,75.83480194366577,80,47.85563764046597,0,FREE_FLOW,highway
2025-09-18 07:30:00,road_0012,40.79398843427041,-73.9412929963572,739,43.86214255006821,45,58.077303209374335,0,FREE_FLOW,collector
2025-09-18 07:30:00,road_0013,40.741050449839285,-73.98098885522496,2500,56.104293766182195,60,91.65496840070612,0,FREE_FLOW,arterial
2025-09-18 07:30:00,road_0014,40.76936020671709,-73.98141462047757,1500,41.3029743944496,45,98.22510233170738,0,FREE_FLOW,collector
2025-09-18 07:35:00,road_0000,40.80447246752146,-73.99401551064027,2500,54.77820834757641,60,97.53477939875881,0,FREE_FLOW,arterial
2025-09-18 07:35:00,road_0001,40.80949107356936,-73.96391243158607,728,28.965156129246974,35,92.38162938331496,0,FREE_FLOW,local
2025-09-18 07:35:00,road_0002,40.72351506842384,-73.96679396976803,2017,51.623348336135585,60,70.95343929653994,0,FREE_FLOW,arterial
2025-09-18 07:35:00,road_0003,40.7911614698899,-73.9971824244575,1500,42.36390588723374,45,100.0,0,FREE_FLOW,collector
2025-09-18 07:35:00,road_0004,40.7746287921634,-73.93637254877068,1500,38.174482559549645,45,100.0,0,FREE_FLOW,collector
2025-09-18 07:35:00,road_0005,40.77476408309478,-73.96823070091489,1500,37.36746623759408,45,95.02884879023597,0,FREE_FLOW,collector
2025-09-18 07:35:00,road_0006,40.796308181536965,-73.9632723129526,1881,52.060155167078264,60,80.37998264344456,0,FREE_FLOW,arterial
2025-09-18 07:35:00,road_0007,40.70105925421109,-73.79200731226265,569,44.647230327536604,45,37.896637066251195,0,FREE_FLOW,collector
2025-09-18 07:35:00,road_0008,40.74483244518929,-73.97033735860573,1500,42.79283816431167,45,100.0,0,FREE_FLOW,collector
2025-09-18 07:35:00,road_0009,40.74105839625748,-73.99941744380057,2500,51.96569704714931,60,100.0,0,FREE_FLOW,arterial
2025-09-18 07:35:00,road_0010,40.69591159380505,-73.82426598115977,1534,60.0,60,64.14722713948485,0,FREE_FLOW,arterial
2025-09-18 07:35:00,road_0011,40.65692390877457,-73.74942808238488,3399,75.80108889057492,80,94.58425450184755,0,FREE_FLOW,highway
2025-09-18 07:35:00,road_0012,40.79398843427041,-73.9412929963572,1500,40.902237646827885,45,91.8200418210266,0,FREE_FLOW,collector
2025-09-18 07:35:00,road_0013,40.741050449839285,-73.98098885522496,2500,50.06566384217688,60,100.0,0,FREE_FLOW,arterial
2025-09-18 07:35:00,road_0014,40.76936020671709,-73.98141462047757,1500,38.81227936653527,45,100.0,0,FREE_FLOW,collector
2025-09-18 07:40:00,road_0000,40.80447246752146,-73.99401551064027,2500,47.435074084222265,60,91.32471955703731,1,LIGHT,arterial
2025-09-18 07:40:00,road_0001,40.80949107356936,-73.96391243158607,742,32.004818718823394,35,86.93261582157028,0,FREE_FLOW,local
2025-09-18 07:40:00,road_0002,40.72351506842384,-73.96679396976803,2500,53.058428931643355,60,99.20238317967144,0,FREE_FLOW,arterial
2025-09-18 07:40:00,road_0003,40.7911614698899,-73.9971824244575,1311,43.00450195338022,45,81.00134544698598,0,FREE_FLOW,collector
2025-09-18 07:40:00,road_0004,40.7746287921634,-73.93637254877068,1413,44.05460544094251,45,94.5047210972842,0,FREE_FLOW,collector
2025-09-18 07:40:00,road_0005,40.77476408309478,-73.96823070091489,1500,37.91803795687086,45,100.0,0,FREE_FLOW,collector
2025-09-18 07:40:00,road_0006,40.796308181536965,-73.9632723129526,1559,59.073080485481775,60,63.334306184148176,0,FREE_FLOW,arterial
2025-09-18 07:40:00,road_0007,40.70105925421109,-73.79200731226265,896,42.65630115379923,45,52.30830129932622,0,FREE_FLOW,collector
2025-09-18 07:40:00,road_0008,40.74483244518929,-73.97033735860573,1500,40.60005430770848,45,99.62290788112587,0,FREE_FLOW,collector
2025-09-18 07:40:00,road_0009,40.74105839625748,-73.99941744380057,2500,46.98360025443805,60,97.54571930484146,1,LIGHT,arterial
2025-09-18 07:40:00,road_0010,40.69591159380505,-73.82426598115977,1652,60.0,60,68.02556164510862,0,FREE_FLOW,arterial
2025-09-18 07:40:00,road_0011,40.65692390877457,-73.74942808238488,2871,80.0,80,66.49733066234809,0,FREE_FLOW,highway
2025-09-18 07:40:00,road_0012,40.79398843427041,-73.9412929963572,1495,36.43666225571632,45,90.9134939168915,0,FREE_FLOW,collector
2025-09-18 07:40:00,road_0013,40.741050449839285,-73.98098885522496,2500,54.77860416008962,60,100.0,0,FREE_FLOW,arterial
2025-09-18 07:40:00,road_0014,40.76936020671709,-73.98141462047757,1500,38.32562999351022,45,97.08293341586251,0,FREE_FLOW,collector
2025-09-18 07:45:00,road_0000,40.80447246752146,-73.99401551064027,1562,59.409544227449686,60,56.12567756951917,0,FREE_FLOW,arterial
2025-09-18 07:45:00,road_0001,40.80949107356936,-73.96391243158607,780,29.17742238720361,35,98.20671128031047,0,FREE_FLOW,local
2025-09-18 07:45:00,road_0002,40.72351506842384,-73.96679396976803,2500,53.726847029129495,60,97.1020860655861,0,FREE_FLOW,arterial
2025-09-18 07:45:00,road_0003,40.7911614698899,-73.9971824244575,1355,41.38600032773317,45,95.06978284123159,0,FREE_FLOW,collector
2025-09-18 07:45:00,road_0004,40.7746287921634,-73.93637254877068,1478,38.14380371982727,45,96.10878585235912,0,FREE_FLOW,collector
2025-09-18 07:45:00,road_0005,40.77476408309478,-73.96823070091489,1500,39.11672111360041,45,94.8870631092931,0,FREE_FLOW,collector
2025-09-18 07:45:00,road_0006,40.796308181536965,-73.9632723129526,2210,51.94571315915186,60,78.55068726268149,0,FREE_FLOW,arterial
2025-09-18 07:45:00,road_0007,40.70105925421109,-73.79200731226265,778,40.84757312141257,45,58.8830170233896,0,FREE_FLOW,collector
2025-09-18 07:45:00,road_0008,40.74483244518929,-73.97033735860573,1500,35.621495044235324,45,100.0,1,LIGHT,collector
2025-09-18 07:45:00,road_0009,40.74105839625748,-73.99941744380057,2476,56.59185063486559,60,100.0,0,FREE_FLOW,arterial
2025-09-18 07:45:00,road_0010,40.69591159380505,-73.82426598115977,1852,60.0,60,64.1860001279521,0,FREE_FLOW,arterial
2025-09-18 07:45:00,road_0011,40.65692390877457,-73.74942808238488,2566,80.0,80,70.56722946306704,0,FREE_FLOW,highway
2025-09-18 07:45:00,road_0012,40.79398843427041,-73.9412929963572,1366,38.38567095576015,45,97.83831784071916,0,FREE_FLOW,collector
2025-09-18 07:45:00,road_0013,40.741050449839285,-73.98098885522496,2500,54.63910104728858,60,93.99013854676639,0,FREE_FLOW,arterial
2025-09-18 07:45:00,road_0014,40.76936020671709,-73.98141462047757,1500,35.90053184026703,45,100.0,1,LIGHT,collector
2025-09-18 07:50:00,road_0000,40.80447246752146,-73.99401551064027,2500,53.153562757125904,60,96.41284384319029,0,FREE_FLOW,arterial
2025-09-18 07:50:00,road_0001,40.80949107356936,-73.96391243158607,616,33.57220615032842,35,77.97206235876307,0,FREE_FLOW,local
2025-09-18 07:50:00,road_0002,40.72351506842384,-73.96679396976803,2500,48.40512807069935,60,91.75736222485314,0,FREE_FLOW,arterial
2025-09-18 07:50:00,road_0003,40.7911614698899,-73.9971824244575,620,45.0,45,40.79665735437118,0,FREE_FLOW,collector
2025-09-18 07:50:00,road_0004,40.7746287921634,-73.93637254877068,1427,42.047657494005854,45,100.0,0,FREE_FLOW,collector
2025-09-18 07:50:00,road_0005,40.77476408309478,-73.96823070091489,1500,36.82175329606882,45,100.0,0,FREE_FLOW,collector
2025-09-18 07:50:00,road_0006,40.796308181536965,-73.9632723129526,2321,49.10499273605171,60,97.27193101502554,0,FREE_FLOW,arterial
2025-09-18 07:50:00,road_0007,40.70105925421109,-73.79200731226265,1265,44.33220826445978,45,89.34337182863962,0,FREE_FLOW,collector
2025-09-18 07:50:00,road_0008,40.74483244518929,-73.97033735860573,1500,40.177240933462265,45,94.71383492129999,0,FREE_FLOW,collector
2025-09-18 07:50:00,road_0009,40.74105839625748,-73.99941744380057,2500,54.08329109652661,60,100.0,0,FREE_FLOW,arterial
2025-09-18 07:50:00,road_0010,40.69591159380505,-73.82426598115977,1541,60.0,60,69.63334890584346,0,FREE_FLOW,arterial
2025-09-18 07:50:00,road_0011,40.65692390877457,-73.74942808238488,2401,76.20196258925294,80,61.574725418122505,0,FREE_FLOW,highway
2025-09-18 07:50:00,road_0012,40.79398843427041,-73.9412929963572,1220,39.93961074092138,45,72.66571558114967,0,FREE_FLOW,collector
2025-09-18 07:50:00,road_0013,40.741050449839285,-73.98098885522496,2500,54.57964316670576,60,96.65631571824969,0,FREE_FLOW,arterial
2025-09-18 07:50:00,road_0014,40.76936020671709,-73.98141462047757,1500,39.09461968490061,45,100.0,0,FREE_FLOW,collector
2025-09-18 07:55:00,road_0000,40.80447246752146,-73.99401551064027,2500,54.8076847308399,60,100.0,0,FREE_FLOW,arterial
2025-09-18 07:55:00,road_0001,40.80949107356936,-73.96391243158607,800,28.636358393205434,35,92.86255971096939,0,FREE_FLOW,local
2025-09-18 07:55:00,road_0002,40.72351506842384,-73.96679396976803,2500,48.03042814689543,60,100.0,0,FREE_FLOW,arterial
2025-09-18 07:55:00,road_0003,40.7911614698899,-73.9971824244575,1313,42.21786084201993,45,86.6733377189669,0,FREE_FLOW,collector
2025-09-18 07:55:00,road_0004,40.7746287921634,-73.93637254877068,1360,40.11445283506899,45,90.39381630657881,0,FREE_FLOW,collector
2025-09-18 07:55:00,road_0005,40.77476408309478,-73.96823070091489,1500,39.64310880513633,45,100.0,0,FREE_FLOW,collector
2025-09-18 07:55:00,road_0006,40.796308181536965,-73.9632723129526,2500,56.964258725885514,60,100.0,0,FREE_FLOW,arterial
2025-09-18 07:55:00,road_0007,40.70105925421109,-73.79200731226265,680,42.82009173885253,45,43.80527058174299,0,FREE_FLOW,collector
2025-09-18 07:55:00,road_0008,40.74483244518929,-73.97033735860573,1500,36.00621863229825,45,92.78232388286123,0,FREE_FLOW,collector
2025-09-18 07:55:00,road_0009,40.74105839625748,-73.99941744380057,2500,48.023088670176,60,100.0,0,FREE_FLOW,arterial
2025-09-18 07:55:00,road_0010,40.69591159380505,-73.82426598115977,2288,55.93061470822528,60,81.98045209575275,0,FREE_FLOW,arterial
2025-09-18 07:55:00,road_0011,40.65692390877457,-73.74942808238488,2813,70.6452665950386,80,61.70343078734438,0,FREE_FLOW,highway
2025-09-18 07:55:00,road_0012,40.79398843427041,-73.9412929963572,972,40.533276767817725,45,73.01372396511425,0,FREE_FLOW,collector
2025-09-18 07:55:00,road_0013,40.741050449839285,-73.98098885522496,2500,55.695556059156445,60,93.72641758988242,0,FREE_FLOW,arterial
2025-09-18 07:55:00,road_0014,40.76936020671709,-73.98141462047757,1500,39.97482569056377,45,94.54791241754225,0,FREE_FLOW,collector
2025-09-18 08:00:00,road_0000,40.80447246752146,-73.99401551064027,2500,55.17693796919471,60,94.11159616751274,0,FREE_FLOW,arterial
2025-09-18 08:00:00,road_0001,40.80949107356936,-73.96391243158607,800,32.64750172547018,35,98.29009168407255,0,FREE_FLOW,local
2025-09-18 08:00:00,road_0002,40.72351506842384,-73.96679396976803,2500,56.540397129801406,60,99.61673956178147,0,FREE_FLOW,arterial
2025-09-18 08:00:00,road_0003,40.7911614698899,-73.9971824244575,1500,37.16003303027337,45,100.0,0,FREE_FLOW,collector
2025-09-18 08:00:00,road_0004,40.7746287921634,-73.93637254877068,1500,37.65500742625637,45,90.67758320493189,0,FREE_FLOW,collector
2025-09-18 08:00:00,road_0005,40.77476408309478,-73.96823070091489,1500,36.881849616583516,45,94.40194428162194,0,FREE_FLOW,collector
2025-09-18 08:00:00,road_0006,40.796308181536965,-73.9632723129526,2500,52.77188211015703,60,99.17977976034027,0,FREE_FLOW,arterial
2025-09-18 08:00:00,road_0007,40.70105925421109,-73.79200731226265,1500,37.562054961650695,45,93.68925742837712,0,FREE_FLOW,collector
2025-09-18 08:00:00,road_0008,40.74483244518929,-73.97033735860573,1500,41.47655495536386,45,98.535778106735,0,FREE_FLOW,collector
2025-09-18 08:00:00,road_0009,40.74105839625748,-73.99941744380057,2500,50.89800988633221,60,100.0,0,FREE_FLOW,arterial
2025-09-18 08:00:00,road_0010,40.69591159380505,-73.82426598115977,2500,54.40757425867648,60,95.88089358441943,0,FREE_FLOW,arterial
2025-09-18 08:00:00,road_0011,40.65692390877457,-73.74942808238488,3292,74.80443524173516,80,81.92175896775171,0,FREE_FLOW,highway
2025-09-18 08:00:00,road_0012,40.79398843427041,-73.9412929963572,1500,35.80828719498697,45,96.68725622620964,1,LIGHT,collector
2025-09-18 08:00:00,road_0013,40.741050449839285,-73.98098885522496,2500,52.45125356514046,60,100.0,0,FREE_FLOW,arterial
2025-09-18 08:00:00,road_0014,40.76936020671709,-73.98141462047757,1500,42.00255986095976,45,100.0,0,FREE_FLOW,collector
2025-09-18 08:05:00,road_0000,40.80447246752146,-73.99401551064027,2500,49.00291930114908,60,95.07777128086609,0,FREE_FLOW,arterial
2025-09-18 08:05:00,road_0001,40.80949107356936,-73.96391243158607,800,30.857482282038706,35,96.78542491792382,0,FREE_FLOW,local
2025-09-18 08:05:00,road_0002,40.72351506842384,-73.96679396976803,2500,55.35980835503902,60,100.0,0,FREE_FLOW,arterial
2025-09-18 08:05:00,road_0003,40.7911614698899,-73.9971824244575,1500,42.75116857999468,45,100.0,0,FREE_FLOW,collector
2025-09-18 08:05:00,road_0004,40.7746287921634,-73.93637254877068,1500,37.75296569561844,45,98.12784616547044,0,FREE_FLOW,collector
2025-09-18 08:05:00,road_0005,40.77476408309478,-73.96823070091489,1500,41.85491552974084,45,100.0,0,FREE_FLOW,collector
2025-09-18 08:05:00,road_0006,40.796308181536965,-73.9632723129526,2245,56.89740380761711,60,92.65851127228507,0,FREE_FLOW,arterial
2025-09-18 08:05:00,road_0007,40.70105925421109,-73.79200731226265,1500,41.674753028525174,45,96.7173171429967,0,FREE_FLOW,collector
2025-09-18 08:05:00,road_0008,40.74483244518929,-73.97033735860573,1500,37.91889504689695,45,100.0,0,FREE_FLOW,collector
2025-09-18 08:05:00,road_0009,40.74105839625748,-73.99941744380057,2500,49.24706634867088,60,100.0,0,FREE_FLOW,arterial
2025-09-18 08:05:00,road_0010,40.69591159380505,-73.82426598115977,2500,52.86027777356412,60,92.28475851840794,0,FREE_FLOW,arterial
2025-09-18 08:05:00,road_0011,40.65692390877457,-73.74942808238488,4000,69.353438151657,80,93.64214277643167,0,FREE_FLOW,highway
2025-09-18 08:05:00,road_0012,40.79398843427041,-73.9412929963572,1500,38.367782949889424,45,100.0,0,FREE_FLOW,collector
2025-09-18 08:05:00,road_0013,40.741050449839285,-73.98098885522496,2500,48.33679524652519,60,98.43407869106564,0,FREE_FLOW,arterial
2025-09-18 08:05:00,road_0014,40.76936020671709,-73.98141462047757,1500,41.65500424626528,45,100.0,0,FREE_FLOW,collector
2025-09-18 08:10:00,road_0000,40.80447246752146,-73.99401551064027,2500,47.65748243390306,60,99.96181507022011,1,LIGHT,arterial
2025-09-18 08:10:00,road_0001,40.80949107356936,-73.96391243158607,800,28.0400444442615,35,100.0,0,FREE_FLOW,local
2025-09-18 08:10:00,road_0002,40.72351506842384,-73.96679396976803,2500,54.596708644790226,60,95.32996786741765,0,FREE_FLOW,arterial
2025-09-18 08:10:00,road_0003,40.7911614698899,-73.9971824244575,1451,40.35892243714751,45,96.61881033609876,0,FREE_FLOW,collector
2025-09-18 08:10:00,road_0004,40.7746287921634,-73.93637254877068,1500,38.5202822051793,45,100.0,0,FREE_FLOW,collector
2025-09-18 08:10:00,road_0005,40.77476408309478,-73.96823070091489,1500,35.92437621321607,45,93.68741841357927,1,LIGHT,collector
2025-09-18 08:10:00,road_0006,40.796308181536965,-73.9632723129526,2500,51.51853978807559,60,100.0,0,FREE_FLOW,arterial
2025-09-18 08:10:00,road_0007,40.70105925421109,-73.79200731226265,1500,42.64674884653905,45,100.0,0,FREE_FLOW,collector
2025-09-18 08:10:00,road_0008,40.74483244518929,-73.97033735860573,1500,39.00329954555802,45,92.70002554842414,0,FREE_FLOW,collector
2025-09-18 08:10:00,road_0009,40.74105839625748,-73.99941744380057,2500,55.73770080323524,60,93.24027755783169,0,FREE_FLOW,arterial
2025-09-18 08:10:00,road_0010,40.69591159380505,-73.82426598115977,2500,53.46086140074774,60,93.09344281766472,0,FREE_FLOW,arterial
2025-09-18 08:10:00,road_0011,40.65692390877457,-73.74942808238488,2901,75.47262532086992,80,69.55580322268437,0,FREE_FLOW,highway
2025-09-18 08:10:00,road_0012,40.79398843427041,-73.9412929963572,1500,35.811652776805744,45,99.19363025522262,1,LIGHT,collector
2025-09-18 08:10:00,road_0013,40.741050449839285,-73.98098885522496,2500,47.01134419365272,60,100.0,1,LIGHT,arterial
2025-09-18 08:10:00,road_0014,40.76936020671709,-73.98141462047757,1500,42.7468600625018,45,100.0,0,FREE_FLOW,collector
2025-09-18 08:15:00,road_0000,40.80447246752146,-73.99401551064027,2500,47.86127177595323,60,100.0,1,LIGHT,arterial
2025-09-18 08:15:00,road_0001,40.80949107356936,-73.96391243158607,800,32.011522538062565,35,100.0,0,FREE_FLOW,local
2025-09-18 08:15:00,road_0002,40.72351506842384,-73.96679396976803,2500,56.382926740549834,60,100.0,0,FREE_FLOW,arterial
2025-09-18 08:15:00,road_0003,40.7911614698899,-73.9971824244575,1500,40.46022363560902,45,91.0319161331742,0,FREE_FLOW,collector
2025-09-18 08:15:00,road_0004,40.7746287921634,-73.93637254877068,1080,43.73910174993881,45,81.9870699913167,0,FREE_FLOW,collector
2025-09-18 08:15:00,road_0005,40.77476408309478,-73.96823070091489,1500,40.93844612445612,45,92.41045157572928,0,FREE_FLOW,collector
2025-09-18 08:15:00,road_0006,40.796308181536965,-73.9632723129526,1810,60.0,60,70.83525319461025,0,FREE_FLOW,arterial
2025-09-18 08:15:00,road_0007,40.70105925421109,-73.79200731226265,1194,42.63444828130306,45,78.70287370072313,0,FREE_FLOW,collector
2025-09-18 08:15:00,road_0008,40.74483244518929,-73.97033735860573,1500,39.605299779157946,45,97.29394498914611,0,FREE_FLOW,collector
2025-09-18 08:15:00,road_0009,40.74105839625748,-73.99941744380057,2500,51.55859647041561,60,100.0,0,FREE_FLOW,arterial
2025-09-18 08:15:00,road_0010,40.69591159380505,-73.82426598115977,1860,57.80412219175935,60,80.47953958801796,0,FREE_FLOW,arterial
2025-09-18 08:15:00,road_0011,40.65692390877457,-73.74942808238488,3979,68.73381334794136,80,99.87836219757465,0,FREE_FLOW,highway
2025-09-18 08:15:00,road_0012,40.79398843427041,-73.9412929963572,1500,42.96788853919653,45,99.23885701151175,0,FREE_FLOW,collector
2025-09-18 08:15:00,road_0013,40.741050449839285,-73.98098885522496,2500,56.687894707046134,60,97.67927779839451,0,FREE_FLOW,arterial
2025-09-18 08:15:00,road_0014,40.76936020671709,-73.98141462047757,1500,35.91033973523702,45,91.05367671954457,1,LIGHT,collector
2025-09-18 08:20:00,road_0000,40.80447246752146,-73.99401551064027,1707,55.45230007248648,60,69.89514414454655,0,FREE_FLOW,arterial
2025-09-18 08:20:00,road_0001,40.80949107356936,-73.96391243158607,721,31.99164836010152,35,86.85240927656844,0,FREE_FLOW,local
2025-09-18 08:20:00,road_0002,40.72351506842384,-73.96679396976803,2500,50.055682189094426,60,99.34621533075305,0,FREE_FLOW,arterial
2025-09-18 08:20:00,road_0003,40.7911614698899,-73.9971824244575,1500,37.38729635762693,45,100.0,0,FREE_FLOW,collector
2025-09-18 08:20:00,road_0004,40.7746287921634,-73.93637254877068,1500,38.28232283901149,45,92.1893519735823,0,FREE_FLOW,collector
2025-09-18 08:20:00,road_0005,40.77476408309478,-73.96823070091489,1500,37.244212056014206,45,100.0,0,FREE_FLOW,collector
2025-09-18 08:20:00,road_0006,40.796308181536965,-73.9632723129526,2500,53.22572291939686,60,100.0,0,FREE_FLOW,arterial
2025-09-18 08:20:00,road_0007,40.70105925421109,-73.79200731226265,1500,35.72598059595309,45,100.0,1,LIGHT,collector
2025-09-18 08:20:00,road_0008,40.74483244518929,-73.97033735860573,1500,41.718071878048384,45,94.61138391610038,0,FREE_FLOW,collector
2025-09-18 08:20:00,road_0009,40.74105839625748,-73.99941744380057,2500,47.33981152097336,60,97.681812229825,1,LIGHT,arterial
2025-09-18 08:20:00,road_0010,40.69591159380505,-73.82426598115977,2500,53.52811745735117,60,100.0,0,FREE_FLOW,arterial
2025-09-18 08:20:00,road_0011,40.65692390877457,-73.74942808238488,2368,78.94602205872609,80,61.145481448606816,0,FREE_FLOW,highway
2025-09-18 08:20:00,road_0012,40.79398843427041,-73.9412929963572,1402,44.385861298108196,45,93.2903934840392,0,FREE_FLOW,collector
2025-09-18 08:20:00,road_0013,40.741050449839285,-73.98098885522496,2500,54.76039934704935,60,100.0,0,FREE_FLOW,arterial
2025-09-18 08:20:00,road_0014,40.76936020671709,-73.98141462047757,1500,38.79729467822902,45,100.0,0,FREE_FLOW,collector
2025-09-18 08:25:00,road_0000,40.80447246752146,-73.99401551064027,2433,48.065120377722785,60,96.85353656660736,0,FREE_FLOW,arterial
2025-09-18 08:25:00,road_0001,40.80949107356936,-73.96391243158607,800,33.06184905933299,35,96.58102730739742,0,FREE_FLOW,local
2025-09-18 08:25:00,road_0002,40.72351506842384,-73.96679396976803,2500,47.00955276331854,60,95.0529818792177,1,LIGHT,arterial
2025-09-18 08:25:00,road_0003,40.7911614698899,-73.9971824244575,1500,42.747041524633445,45,100.0,0,FREE_FLOW,collector
2025-09-18 08:25:00,road_0004,40.7746287921634,-73.93637254877068,1330,37.57044729621852,45,98.49617336956763,0,FREE_FLOW,collector
2025-09-18 08:25:00,road_0005,40.77476408309478,-73.96823070091489,1500,39.688583023718415,45,100.0,0,FREE_FLOW,collector
2025-09-18 08:25:00,road_0006,40.796308181536965,-73.9632723129526,2500,54.61471219777776,60,100.0,0,FREE_FLOW,arterial
2025-09-18 08:25:00,road_0007,40.70105925421109,-73.79200731226265,1389,37.752366374997145,45,87.5057106451067,0,FREE_FLOW,collector
2025-09-18 08:25:00,road_0008,40.74483244518929,-73.97033735860573,1500,42.49635926485883,45,94.77380062602035,0,FREE_FLOW,collector
2025-09-18 08:25:00,road_0009,40.74105839625748,-73.99941744380057,2500,56.156213559342795,60,93.78443079570012,0,FREE_FLOW,arterial
2025-09-18 08:25:00,road_0010,40.69591159380505,-73.82426598115977,2500,47.0102104774405,60,100.0,1,LIGHT,arterial
2025-09-18 08:25:00,road_0011,40.65692390877457,-73.74942808238488,3645,65.26739445354151,80,99.29902618538736,0,FREE_FLOW,highway
2025-09-18 08:25:00,road_0012,40.79398843427041,-73.9412929963572,1500,36.72886589677013,45,95.17376661395816,0,FREE_FLOW,collector
2025-09-18 08:25:00,road_0013,40.741050449839285,-73.98098885522496,2500,48.165327201185306,60,100.0,0,FREE_FLOW,arterial
2025-09-18 08:25:00,road_0014,40.76936020671709,-73.98141462047757,1500,36.2226421415989,45,100.0,0,FREE_FLOW,collector
2025-09-18 08:30:00,road_0000,40.80447246752146,-73.99401551064027,1925,60.0,60,75.64481567785025,0,FREE_FLOW,arterial
2025-09-18 08:30:00,road_0001,40.80949107356936,-73.96391243158607,747,33.232225382661646,35,98.44897668101038,0,FREE_FLOW,local
2025-09-18 08:30:00,road_0002,40.72351506842384,-73.96679396976803,2500,48.692635689728064,60,100.0,0,FREE_FLOW,arterial
2025-09-18 08:30:00,road_0003,40.7911614698899,-73.9971824244575,1500,35.67068186524278,45,99.47147776870177,1,LIGHT,collector
2025-09-18 08:30:00,road_0004,40.7746287921634,-73.93637254877068,1247,43.470016855805206,45,92.93630078834627,0,FREE_FLOW,collector
2025-09-18 08:30:00,road_0005,40.77476408309478,-73.96823070091489,1500,38.21957421187009,45,100.0,0,FREE_FLOW,collector
2025-09-18 08:30:00,road_0006,40.796308181536965,-73.9632723129526,2028,59.93259190666232,60,78.5566705847745,0,FREE_FLOW,arterial
2025-09-18 08:30:00,road_0007,40.70105925421109,-73.79200731226265,736,44.331421535698944,45,42.245432332201794,0,FREE_FLOW,collector
2025-09-18 08:30:00,road_0008,40.74483244518929,-73.97033735860573,1500,39.34192770948415,45,100.0,0,FREE_FLOW,collector
2025-09-18 08:30:00,road_0009,40.74105839625748,-73.99941744380057,2500,55.02075944365362,60,100.0,0,FREE_FLOW,arterial
2025-09-18 08:30:00,road_0010,40.69591159380505,-73.82426598115977,1273,60.0,60,58.28108645064586,0,FREE_FLOW,arterial
2025-09-18 08:30:00,road_0011,40.65692390877457,-73.74942808238488,1986,80.0,80,57.84049021895636,0,FREE_FLOW,highway
2025-09-18 08:30:00,road_0012,40.79398843427041,-73.9412929963572,1500,37.658754708222766,45,98.84597524761821,0,FREE_FLOW,collector
2025-09-18 08:30:00,road_0013,40.741050449839285,-73.98098885522496,2500,49.047225845725706,60,100.0,0,FREE_FLOW,arterial
2025-09-18 08:30:00,road_0014,40.76936020671709,-73.98141462047757,1500,38.907645339932714,45,100.0,0,FREE_FLOW,collector
2025-09-18 08:35:00,road_0000,40.80447246752146,-73.99401551064027,2500,47.90780337815157,60,94.07402498552548,1,LIGHT,arterial
2025-09-18 08:35:00,road_0001,40.80949107356936,-73.96391243158607,639,29.805218999357823,35,80.48208787456512,0,FREE_FLOW,local
2025-09-18 08:35:00,road_0002,40.72351506842384,-73.96679396976803,2500,57.052291446404645,60,100.0,0,FREE_FLOW,arterial
2025-09-18 08:35:00,road_0003,40.7911614698899,-73.9971824244575,1253,42.76183831317836,45,73.55797003666186,0,FREE_FLOW,collector
2025-09-18 08:35:00,road_0004,40.7746287921634,-73.93637254877068,1500,36.9824880712988,45,100.0,0,FREE_FLOW,collector
2025-09-18 08:35:00,road_0005,40.77476408309478,-73.96823070091489,1500,39.836848217365755,45,96.5185092790415,0,FREE_FLOW,collector
2025-09-18 08:35:00,road_0006,40.796308181536965,-73.9632723129526,2500,51.8045070953302,60,92.99161285335131,0,FREE_FLOW,arterial
2025-09-18 08:35:00,road_0007,40.70105925421109,-73.79200731226265,1325,43.06415426469174,45,97.82733037074712,0,FREE_FLOW,collector
2025-09-18 08:35:00,road_0008,40.74483244518929,-73.97033735860573,1500,42.322059023358065,45,100.0,0,FREE_FLOW,collector
2025-09-18 08:35:00,road_0009,40.74105839625748,-73.99941744380057,2500,48.02913813383652,60,92.91844148070291,0,FREE_FLOW,arterial
2025-09-18 08:35:00,road_0010,40.69591159380505,-73.82426598115977,1701,54.763674567119125,60,67.68712763103184,0,FREE_FLOW,arterial
2025-09-18 08:35:00,road_0011,40.65692390877457,-73.74942808238488,3025,69.73715641456455,80,84.44975008464773,0,FREE_FLOW,highway
2025-09-18 08:35:00,road_0012,40.79398843427041,-73.9412929963572,1500,41.6701099322361,45,91.65017068880843,0,FREE_FLOW,collector
2025-09-18 08:35:00,road_0013,40.741050449839285,-73.98098885522496,2500,49.052442676823944,60,100.0,0,FREE_FLOW,arterial
2025-09-18 08:35:00,road_0014,40.76936020671709,-73.98141462047757,1500,40.46388619581715,45,90.82366990558543,0,FREE_FLOW,collector
2025-09-18 08:40:00,road_0000,40.80447246752146,-73.99401551064027,2500,53.162886650889774,60,100.0,0,FREE_FLOW,arterial
2025-09-18 08:40:00,road_0001,40.80949107356936,-73.96391243158607,800,33.08383713660541,35,95.97671772674627,0,FREE_FLOW,local
2025-09-18 08:40:00,road_0002,40.72351506842384,-73.96679396976803,2500,53.34530072223817,60,100.0,0,FREE_FLOW,arterial
2025-09-18 08:40:00,road_0003,40.7911614698899,-73.9971824244575,1500,39.89328935972816,45,100.0,0,FREE_FLOW,collector
2025-09-18 08:40:00,road_0004,40.7746287921634,-73.93637254877068,1500,36.50086550339607,45,90.81508212184946,0,FREE_FLOW,collector
2025-09-18 08:40:00,road_0005,40.77476408309478,-73.96823070091489,1500,40.306650150314,45,100.0,0,FREE_FLOW,collector
2025-09-18 08:40:00,road_0006,40.796308181536965,-73.9632723129526,2500,51.86277488031303,60,96.58034875629325,0,FREE_FLOW,arterial
2025-09-18 08:40:00,road_0007,40.70105925421109,-73.79200731226265,1500,35.55909123423153,45,98.67310667912778,1,LIGHT,collector
2025-09-18 08:40:00,road_0008,40.74483244518929,-73.97033735860573,1500,37.81811445930086,45,100.0,0,FREE_FLOW,collector
2025-09-18 08:40:00,road_0009,40.74105839625748,-73.99941744380057,2500,51.16446637694434,60,91.63052979104853,0,FREE_FLOW,arterial
2025-09-18 08:40:00,road_0010,40.69591159380505,-73.82426598115977,1428,60.0,60,51.19156560684486,0,FREE_FLOW,arterial
2025-09-18 08:40:00,road_0011,40.65692390877457,-73.74942808238488,2640,80.0,80,64.31814732293881,0,FREE_FLOW,highway
2025-09-18 08:40:00,road_0012,40.79398843427041,-73.9412929963572,1500,39.16835124959754,45,100.0,0,FREE_FLOW,collector
2025-09-18 08:40:00,road_0013,40.741050449839285,-73.98098885522496,2500,47.26324639050269,60,100.0,1,LIGHT,arterial
2025-09-18 08:40:00,road_0014,40.76936020671709,-73.98141462047757,1500,41.42313465343539,45,100.0,0,FREE_FLOW,collector
2025-09-18 08:45:00,road_0000,40.80447246752146,-73.99401551064027,2500,50.70418465738677,60,95.6770905721729,0,FREE_FLOW,arterial
2025-09-18 08:45:00,road_0001,40.80949107356936,-73.96391243158607,800,28.82656057192563,35,100.0,0,FREE_FLOW,local
2025-09-18 08:45:00,road_0002,40.72351506842384,-73.96679396976803,2500,53.556944694535375,60,100.0,0,FREE_FLOW,arterial
2025-09-18 08:45:00,road_0003,40.7911614698899,-73.9971824244575,1500,35.75843050059094,45,98.26062349295394,1,LIGHT,collector
2025-09-18 08:45:00,road_0004,40.7746287921634,-73.93637254877068,1409,41.043219405663336,45,92.03374931493977,0,FREE_FLOW,collector
2025-09-18 08:45:00,road_0005,40.77476408309478,-73.96823070091489,1500,40.320964530238214,45,91.90523015909253,0,FREE_FLOW,collector
2025-09-18 08:45:00,road_0006,40.796308181536965,-73.9632723129526,2363,48.3228899911955,60,100.0,0,FREE_FLOW,arterial
2025-09-18 08:45:00,road_0007,40.70105925421109,-73.79200731226265,1334,38.976061016570526,45,86.86652886020458,0,FREE_FLOW,collector
2025-09-18 08:45:00,road_0008,40.74483244518929,-73.97033735860573,1500,37.806960232089175,45,98.84048747565716,0,FREE_FLOW,collector
2025-09-18 08:45:00,road_0009,40.74105839625748,-73.99941744380057,2500,51.64626610657814,60,92.91513136489503,0,FREE_FLOW,arterial
2025-09-18 08:45:00,road_0010,40.69591159380505,-73.82426598115977,2500,50.705225195647785,60,95.05055564150838,0,FREE_FLOW,arterial
2025-09-18 08:45:00,road_0011,40.65692390877457,-73.74942808238488,2939,77.16286727871415,80,70.60964106080003,0,FREE_FLOW,highway
2025-09-18 08:45:00,road_0012,40.79398843427041,-73.9412929963572,1500,41.98082226005872,45,98.9273729302517,0,FREE_FLOW,collector
2025-09-18 08:45:00,road_0013,40.741050449839285,-73.98098885522496,2500,57.252448490683435,60,90.68375531878317,0,FREE_FLOW,arterial
2025-09-18 08:45:00,road_0014,40.76936020671709,-73.98141462047757,1500,40.226110175245424,45,91.03393674483054,0,FREE_FLOW,collector
2025-09-18 08:50:00,road_0000,40.80447246752146,-73.99401551064027,1941,52.38450938052882,60,69.41111168446483,0,FREE_FLOW,arterial
2025-09-18 08:50:00,road_0001,40.80949107356936,-73.96391243158607,800,30.312417018386537,35,97.94757976928803,0,FREE_FLOW,local
2025-09-18 08:50:00,road_0002,40.72351506842384,-73.96679396976803,2500,57.1105851972558,60,96.46261314140557,0,FREE_FLOW,arterial
2025-09-18 08:50:00,road_0003,40.7911614698899,-73.9971824244575,1500,37.89902729833761,45,100.0,0,FREE_FLOW,collector
2025-09-18 08:50:00,road_0004,40.7746287921634,-73.93637254877068,1500,36.34076631161265,45,92.65429307638554,0,FREE_FLOW,collector
2025-09-18 08:50:00,road_0005,40.77476408309478,-73.96823070091489,1500,36.69142761207863,45,93.24763789324642,0,FREE_FLOW,collector
2025-09-18 08:50:00,road_0006,40.796308181536965,-73.9632723129526,2500,57.00883651638678,60,94.69122586669657,0,FREE_FLOW,arterial
2025-09-18 08:50:00,road_0007,40.70105925421109,-73.79200731226265,983,42.68768980732794,45,75.10595908134394,0,FREE_FLOW,collector
2025-09-18 08:50:00,road_0008,40.74483244518929,-73.97033735860573,1500,41.983895237908996,45,100.0,0,FREE_FLOW,collector
2025-09-18 08:50:00,road_0009,40.74105839625748,-73.99941744380057,2500,56.5427248381931,60,100.0,0,FREE_FLOW,arterial
2025-09-18 08:50:00,road_0010,40.69591159380505,-73.82426598115977,2500,53.91622452512252,60,100.0,0,FREE_FLOW,arterial
2025-09-18 08:50:00,road_0011,40.65692390877457,-73.74942808238488,3184,77.0398908511075,80,72.7857489048561,0,FREE_FLOW,highway
2025-09-18 08:50:00,road_0012,40.79398843427041,-73.9412929963572,1500,41.1059564030784,45,100.0,0,FREE_FLOW,collector
2025-09-18 08:50:00,road_0013,40.741050449839285,-73.98098885522496,2500,53.744469368261385,60,92.18219263531499,0,FREE_FLOW,arterial
2025-09-18 08:50:00,road_0014,40.76936020671709,-73.98141462047757,1500,42.271635518518266,45,98.76344692823976,0,FREE_FLOW,collector
2025-09-18 08:55:00,road_0000,40.80447246752146,-73.99401551064027,2500,50.87658001963541,60,100.0,0,FREE_FLOW,arterial
2025-09-18 08:55:00,road_0001,40.80949107356936,-73.96391243158607,800,31.227357598525234,35,96.56762455770162,0,FREE_FLOW,local
2025-09-18 08:55:00,road_0002,40.72351506842384,-73.96679396976803,2500,52.679997095493675,60,97.60839408465596,0,FREE_FLOW,arterial
2025-09-18 08:55:00,road_0003,40.7911614698899,-73.9971824244575,1500,35.33217696818816,45,98.88838905502404,1,LIGHT,collector
2025-09-18 08:55:00,road_0004,40.7746287921634,-73.93637254877068,1500,41.16008604461374,45,100.0,0,FREE_FLOW,collector
2025-09-18 08:55:00,road_0005,40.77476408309478,-73.96823070091489,1500,41.84739674117668,45,100.0,0,FREE_FLOW,collector
2025-09-18 08:55:00,road_0006,40.796308181536965,-73.9632723129526,2500,48.51121936664551,60,92.17836683693463,0,FREE_FLOW,arterial
2025-09-18 08:55:00,road_0007,40.70105925421109,-73.79200731226265,1093,42.26214846333214,45,72.40057616748986,0,FREE_FLOW,collector
2025-09-18 08:55:00,road_0008,40.74483244518929,-73.97033735860573,1500,39.29661494988524,45,100.0,0,FREE_FLOW,collector
2025-09-18 08:55:00,road_0009,40.74105839625748,-73.99941744380057,2500,47.7003158614452,60,100.0,1,LIGHT,arterial
2025-09-18 08:55:00,road_0010,40.69591159380505,-73.82426598115977,2500,49.013782190325685,60,97.6014901787441,0,FREE_FLOW,arterial
2025-09-18 08:55:00,road_0011,40.65692390877457,-73.74942808238488,2728,79.30412593827941,80,61.526632154862845,0,FREE_FLOW,highway
2025-09-18 08:55:00,road_0012,40.79398843427041,-73.9412929963572,1500,39.38290601743598,45,100.0,0,FREE_FLOW,collector
2025-09-18 08:55:00,road_0013,40.741050449839285,-73.98098885522496,2500,51.12944563621729,60,100.0,0,FREE_FLOW,arterial
2025-09-18 08:55:00,road_0014,40.76936020671709,-73.98141462047757,1500,36.18174251091261,45,100.0,0,FREE_FLOW,collector
2025-09-18 09:00:00,road_0000,40.80447246752146,-73.99401551064027,2500,50.03768649621194,60,93.69170259074066,0,FREE_FLOW,arterial
2025-09-18 09:00:00,road_0001,40.80949107356936,-73.96391243158607,800,29.975384327282207,35,100.0,0,FREE_FLOW,local
2025-09-18 09:00:00,road_0002,40.72351506842384,-73.96679396976803,2500,52.4504263737786,60,97.47019366076775,0,FREE_FLOW,arterial
2025-09-18 09:00:00,road_0003,40.7911614698899,-73.9971824244575,770,44.67129303798513,45,54.09303744919928,0,FREE_FLOW,collector
2025-09-18 09:00:00,road_0004,40.7746287921634,-73.93637254877068,1500,36.58518346560557,45,100.0,0,FREE_FLOW,collector
2025-09-18 09:00:00,road_0005,40.77476408309478,-73.96823070091489,1500,39.573681322983006,45,100.0,0,FREE_FLOW,collector
2025-09-18 09:00:00,road_0006,40.796308181536965,-73.9632723129526,1772,60.0,60,75.51916135171268,0,FREE_FLOW,arterial
2025-09-18 09:00:00,road_0007,40.70105925421109,-73.79200731226265,1285,38.719336465722364,45,90.99978937067479,0,FREE_FLOW,collector
2025-09-18 09:00:00,road_0008,40.74483244518929,-73.97033735860573,1500,42.02029271466042,45,94.7047116960397,0,FREE_FLOW,collector
2025-09-18 09:00:00,road_0009,40.74105839625748,-73.99941744380057,2500,50.215009941378746,60,93.56891930455544,0,FREE_FLOW,arterial
2025-09-18 09:00:00,road_0010,40.69591159380505,-73.82426598115977,1099,56.76462619273897,60,46.7192158663194,0,FREE_FLOW,arterial
2025-09-18 09:00:00,road_0011,40.65692390877457,-73.74942808238488,2434,74.85326929962986,80,53.68548787054204,0,FREE_FLOW,highway
2025-09-18 09:00:00,road_0012,40.79398843427041,-73.9412929963572,1500,38.706189766256585,45,98.85433933559054,0,FREE_FLOW,collector
2025-09-18 09:00:00,road_0013,40.741050449839285,-73.98098885522496,2500,55.49955190037461,60,96.82180048948442,0,FREE_FLOW,arterial
2025-09-18 09:00:00,road_0014,40.76936020671709,-73.98141462047757,1500,41.2640039539517,45,100.0,0,FREE_FLOW,collector
